{"cameraMode":{"drawMode":0,"name":"Shaded","section":"Shading Mode"},"sceneLighting":true,"audioPlay":false,"sceneViewState":{"m_AlwaysRefresh":false,"showFog":true,"showSkybox":true,"showFlares":true,"showImageEffects":true,"showParticleSystems":true,"showVisualEffectGraphs":true,"m_FxEnabled":true},"in2DMode":false,"pivot":{"x":0.37584051489830019,"y":-2.1751022338867189,"z":-0.07098978757858277},"rotation":{"x":-0.002717121271416545,"y":-0.7159494757652283,"z":0.6981474757194519,"w":-0.002788795391097665},"size":5.098455429077148,"orthographic":false}